value_1,value_2,image,image/_alt
VISIT TO TRACY'S KIDS PROGRAM,2/19/2016,http://govpics.maryland.gov/pages/ImageHandler.ashx?EventID=4467&ImageID=565659&Thumbs=True,
PHOTO OP GREEN BAG,2/19/2016,http://govpics.maryland.gov/pages/ImageHandler.ashx?EventID=4465&ImageID=565627&Thumbs=True,
HIDTA CONFERENCE,2/18/2016,http://govpics.maryland.gov/pages/ImageHandler.ashx?EventID=4466&ImageID=565646&Thumbs=True,
MILKEN EDUCATOR AWARD,2/17/2016,http://govpics.maryland.gov/pages/ImageHandler.ashx?EventID=4463&ImageID=565550&Thumbs=True,
LEGISLATIVE RECEPTION AT GOVERNMENT HOUSE,2/17/2016,http://govpics.maryland.gov/pages/ImageHandler.ashx?EventID=4464&ImageID=565599&Thumbs=True,
NFIB,2/16/2016,http://govpics.maryland.gov/pages/ImageHandler.ashx?EventID=4461&ImageID=565339&Thumbs=True,
MARYLAND RAILROADERS FOOTBALL TEAM,2/16/2016,http://govpics.maryland.gov/pages/ImageHandler.ashx?EventID=4462&ImageID=565506&Thumbs=True,
LAUREL PARK FAY FOUNDRAISER LG,2/13/2016,http://govpics.maryland.gov/pages/ImageHandler.ashx?EventID=4460&ImageID=565230&Thumbs=True,
EDBI DEMOLITION,2/12/2016,http://govpics.maryland.gov/pages/ImageHandler.ashx?EventID=4459&ImageID=565199&Thumbs=True,
UNIVERSITY OF MARYLAND STAFF FACULTY AND STUDENTS,2/11/2016,http://govpics.maryland.gov/pages/ImageHandler.ashx?EventID=4456&ImageID=565129&Thumbs=True,
THOMAS JEFFERSON STUDENTS,2/11/2016,http://govpics.maryland.gov/pages/ImageHandler.ashx?EventID=4455&ImageID=565077&Thumbs=True,
MARYLAND TEACHER OF THE YEAR,2/11/2016,http://govpics.maryland.gov/pages/ImageHandler.ashx?EventID=4458&ImageID=565175&Thumbs=True,
